video_id,title,channel,query_used
tJ1s5iRZt_k,હિપ હિપ હુરે રિવ્યૂ | hip hip hurray review | smit pandya | cinema show gujarati.,Cinema Show,gujarati movie review
3rpgtimwMDk,Kadaknath | કડકનાથ | Kadaknath Gujrati Movie | Movie Review ,Filmi Gujarati Mitesh,gujarati movie review
RT_KlpWDXgo,લાયક નાલાયક રિવ્યૂ | layak nalayak review | gujarati movie review | cinema show.,Cinema Show,gujarati movie review
dcaoUO_Uqow,Gujarati Movie Dhabkaaro Review l નવી ગુજરાતી મુવી ધબકારો રિવ્યુ,SiddTalks,gujarati movie review
tRlCSf3OFnY,Kabanda Gujarati Movie Review | Tarjani Bhadla | Rehan Chodhry #Gujaratimoviereview ,Garvthi Gujarati Vipul ના Review,gujarati movie review
DPd12U0uXFk,આ વખતે 🫩 Lagan Lagi Re Gujarati Movie REVIEW l Lagan Lagi re review #gujaratimoviereview ,Cine માહૌલ ,gujarati movie review
GYgvLXJqrkc,ઉપડો..!! Get Set Go Gujarati Movie Review l #gujaratimoviereview Get Set Go Film Review ,Cine માહૌલ ,gujarati movie review
ztcEP_kyivY,એકદમ કડક 🔥 Kadaknath Gujarati Movie Review l #gujaratimoviereview ,Cine માહૌલ ,gujarati movie review
m4HrBoSaj84,New Gujarati Movie Zindagi Once More Review l નવી ગુજરાતી ફિલ્મ જિંદગી વન્સ મોરનો રિવ્યુ,SiddTalks,gujarati movie review
NbiLZ5-JTJU,Get Set Go Gujarati Movie Review | Deepak Tijori | Ronak Kamdar #gujaratimovienew,Garvthi Gujarati Vipul ના Review,gujarati movie review
l1eEmzCMxU4,Jindagi Once More Review | Siddharth Randeria | #gujaratimoviereview #garvthigujarativipul,Garvthi Gujarati Vipul ના Review,gujarati movie review
YiUCjL21zHA,Jindagi Once More - OFFICIAL TRAILER | Siddharth Randeria | Deep Dholakia | In Cinemas 19th June,Dharma Productions,gujarati movie review
dqW9M64ueUQ,Maaran અને Hip Hip Hurrey Gujarati Movie Review | Abhishek Jain #gujaratimoviereview,Garvthi Gujarati Vipul ના Review,gujarati movie review
rYgP8WsFrAk,Dhabkaaro movie review in Gujarati । ધબકારો ।  Deven bhojani,I-Movies Series,gujarati movie review
QzAdQlBBosE,કેવું કેવું બને છે એલાવ..Shaatir Gujarati Movie Review l Shatir Movie REVIEW #gujaratimovie2026,Cine માહૌલ ,gujarati movie review
_1amtHQegCA,જિંદગી વન્સ મોર રિવ્યૂ | jindgi once more review | cinema show gujarati.,Cinema Show,gujarati movie review
FCrw1xK3Ue8,National Award Winner &#39;મારણ&#39; કેવી છે? | No Spoiler Review (Gujarati),SiddTalks,gujarati movie review
EysKGg_ydDI,કૃષ્ણદેવ યાજ્ઞિક નો કેમિયો !! Chaniya Toli Gujarati Movie REVIEW #gujaratimoviereview ,Cine માહૌલ ,gujarati movie review
udwW5O5CMBI,"કડકનાથ રિવ્યુ | Kadaknath Gujarati Movie Review | Abhinay Banker, Denisha Ghumra#gujaratimoviereview",Garvthi Gujarati Vipul ના Review,gujarati movie review
OOZQBFf2UK4,RANGA Gujarati Movie Review: આટલી અઘરી ફિલ્મ પચાવવી અઘરી છે! 😰,SiddTalks,gujarati movie review
jxKJf_nVkmU,Nankhatai Gujarati Movie Review | નાનખટાઈ મૂવી રીવ્યુ | RAJ NA REVIEW,Raj Na Review,gujarati movie review
BMxpWLTDJMw,ગંભીર મુદ્દો પણ..Behadd Gujarati Movie Review l Behad Review #gujaratimoviereview ,Cine માહૌલ ,gujarati movie review
PgB-guws_hE,બેહદ રિવ્યૂ | behadd review | gujarati film | cinema show gujarati.,Cinema Show,gujarati movie review
KLVOemDHWSg,આઇસક્રીમ તો ખુશ્બુ નો જ..😂 Zindagi Once More Gujarati Movie Review l #gujaratimoviereview ,Cine માહૌલ ,gujarati movie review
1DT1cvEo3N0,અઘરું પડશે..? Rangaa Gujarati Movie Advance Booking l #gujaratimoviereview ,Cine માહૌલ ,gujarati movie review
vDXkdal4UmQ,Kajodu (કજોડું) - Official Trailer | Mitra Gadhvi | Esha Kansara | Streaming 14th May on ShemarooMe,Shemaroo Gujarati Manoranjan,gujarati web series review
k8EaDjz2emQ,ઈનકોગ્નિટો - Episode 1 - GujjuGate - A Gujarati Web Series,GujjuGate Productions,gujarati web series review
gpQRu9h7cp8,"Takraar Thi Pyaar No Safar | Unknown to Known Full Gujarati Web Series | Ojas Rawal, Vyoma Nandi",Shemaroo Gujarati Manoranjan,gujarati web series review
OkZg9HKfFN4,Bas Cha Sudhi |  Season 2 | Episode 01 | Mulakat | Gujarati Web Series,Aastha Productions,gujarati web series review
6hnai-oVWXw,Do નોટ Disturb S2 I Gujarati Web Series | All Episodes | Malhar Thakar I Manasi Parekh,Mirchi Gujarati,gujarati web series review
p-h5UyKyg88,Karo Welcome|| EP01 Photo Prem|| Gujarati Web Series 2026 || કરો વેલકમ - ફોટો પ્રેમ,Ashaval Entertainment,gujarati web series review
6T3HV97W-Ek,"Trauma, Thriller &amp; Twists! | Kajodu Gujarati Web Series Review",Denish The Cinephile,gujarati web series review
SWyDA2Sfroc,"Unknown to Known FULL GUJARATI WEB SERIES | Ojas Rawal, Vyoma Nandi @shemaroogujaratimanoranjan1",Shemaroo Gujarati Manoranjan,gujarati web series review
ZVjqWLlrV7k,Bas Cha Sudhi Season - 3 | EPISODE 01 | KUDRAT | Gujarati Web Series,Aastha Productions,gujarati web series review
sxhhlxKiYwY,Chandlo Review | Chandlo Movie Review | Chandlo Public Reaction | Gujarati Web Series Episodes Jio |,All in One by Digvijay Bonawate,gujarati web series review
qzNOsJr7u3w,Top 10 Gujarati Web Series,Gujarat Update,gujarati web series review
wZfOk9Tbdnc,Warso FIRST FREE EPISODE - Gujarati Web Series | Gaurav Paswala | Prashant Barot | Kalpana Gagdekar,Shemaroo Gujarati Manoranjan,gujarati web series review
xB5cRbibYAU,Vitthal Teedi - Gujarat Web Series| વિઠ્ઠલતીડી નવી ગુજરાતી 2021 વેબસીરિઝ |Review | Niravmandir,NIRAV MANDIR,gujarati web series review
Z9PqVjgvSx8,Story Table - Episode 1 - Gujarati Web Series,GujjuGate Productions,gujarati web series review
Es4DrKCXvgs,"BOBO Episode 1 | Gujarati Web Series | Vaishakh, Tatsat, Rajan, Minaxi, Riddhi, Ravi | Krishnadev",Big Box Series,gujarati web series review
wlKN23VDVJ0,🔥 Kajodu Trailer માં એવું શું છે કે લોકો Crazy થઈ ગયા? | Gujarati Review,I-Movies Series,gujarati web series review
u9spCk1kRaQ,Do નોટ Disturb Season 1 | Gujarati Web Series | All Episodes | Malhar Thakar | Manasi Parekh,Mirchi Gujarati,gujarati web series review
jSa_UIxlikk,Ghaat web series review l Ghaat official trailer l Ghaat @cinemanofficialfilms all episodes review,Cine માહૌલ ,gujarati web series review
GknPCwdlyYg,Live-in Couple Ni Life Ma Best Friend No Hungamo 😂 | Chokdi Mindu | New Gujarati  Web Series,Shemaroo Gujarati Manoranjan,gujarati web series review
pX9LXET_ejM,Poori Paani - Episode 01 | Gujarati Web Series | Jhinal Belani | Bhaumik Sampat | Boman Irani,Shemaroo Gujarati,gujarati web series review
Us6NmXKKNXA,Kajodu Webseries Review | કજોડું | ગુજરાતી વેબસિરીઝ ,Cinema ni Vaato,gujarati web series review
JDOD8JqO-48,કજોડું સિરીઝ રિવ્યૂ | Kajodu serise review | Cinema show review.,Cinema Show,gujarati web series review
n527w8qD4WE,Twist નો ઢગલો😱 Kajodu Web Series Review l @shemaroo #gujaratimoviereview ,Cine માહૌલ ,gujarati web series review
m-IGAu_wUkI,Love Vs Friendship | Best Friends | Friendship Day Special | New Gujarati Romantic Web Series 2026,Shemaroo Gujarati Manoranjan,gujarati web series review
aTz8iAomPJU,મારણ રિવ્યૂ | maaran review | gujarati film maaran review | cinema show gujarati.,Cinema Show,gujarati film review
8hopyTlcnis,ગેટ સેટ ગો રિવ્યૂ | get set go review | gujarati film | cinema show gujarati.,Cinema Show,gujarati film review
ZHCutupwuWk,Top 10 Best Movies of Gujarati Cinema #shorts #movies,Entertainment Core,gujarati film review
u0w18NjmPWQ,"Shubhchintak | Movie Review | Swapnil J, Manasi P, Viraf P, Deep V, | New Gujarati Film",Soul Sutra ,gujarati film review
X23iedoR2_k,મારણ રિવ્યૂ | maaran review | gujarati film maaran review | cinema show #maran #viral #horror #movie,ReelRoamReviews,gujarati film review
F6SwTen2weo,Bhalle Padharya | New Gujarati Movies 2025 | ગુજરાતી ફિલ્મ | Super Hit Latest Urban Gujarati Film,Ultra Gujarati,gujarati film review
WpjIvgiILrg,Views On Gujarati Film Industry,BHARTI TV,gujarati film review
b5uKAz_dBFw,Pidha Pachhi Official Teaser | Sarovar Arts | Gujarati Film | In Cinemas 11th Sept 2026,Sarovar Arts,gujarati film review
RWWCSzJW0dI,Laalo Krishna Sada Sahaayate Movie REVIEW | Deeksha Sharma,Filmi Indian,gujarati film review
cxtJ9h__98o,Laalo Movie Review | Yogi Bolta Hai,YOGI BOLTA HAI,gujarati film review
rrWFzeUxQSs,Faati Ne? Gujarati Movie Review | Hitu Kanodia | Smit Pandya  #gujaratimoviereview,JM Gujarati Review,gujarati film review
fJjIAbVvrOg,લગન લાગી રે રિવ્યૂ | lagan laagi re review | cinema show gujarati,Cinema Show,gujarati film review
acWTjry8tmM,જમાઈ આયા સાસરીમાં કંકોડા ખાવા // Gujarati Comedy Video // કોમેડી વીડિઓ // Funny Desi Boys,Funny Desi Boys,gujarati comedy
QregtY5fB9Q,પૈસા એક આબરુ//Gujarati Comedy Video//કોમેડી વિડીયો SB hindustani ,S.B HINDUSTANI,gujarati comedy
XDPCJwTngd0,કડવો એની ડોશીને મારવા દોડ્યો ભાગ-૯ // Gujarati Comedy Video // SARPANCH LAYA NAVI DOSI // MDB,Mast Desi Boys,gujarati comedy
-gbn4l4OJgU,કડવાભા એ કર્યો દશામાં નો વિરોધ // Gujarati Comedy Video // KADVABHA AE KARYO DASHAMA NO VIRODH //MDB,Mast Desi Boys,gujarati comedy
EO-ST0pTiNg,ભાઈઓ વચ્ચે દેવનું પ્રમાણ ભાગ-5//Gujarati Comedy Video//કોમેડી વિડીયો SB hindustani ,S.B HINDUSTANI,gujarati comedy
SR5eWfb5oYo,ખોળીલો કડવો // Gujarati Comedy Video // KHODILO KADAVO // Mast Desi Boys,Mast Desi Boys,gujarati comedy
MgdQkfEKZ8A,કડવાની ડોસીને આખું ગોમ આયુ મારવા ભાગ-૮ // Gujarati Comedy Video // SARPANCH LAYA NAVI DOSI // MDB,Mast Desi Boys,gujarati comedy
VtjdCRG0uFc,"આ ડોન વાસણ ઘસે તો સારો લાગે | Comedy Scene | Don Leva Gayo Loan | Jitu Pandya, Chandan Rathod",Shemaroo Gujarati,gujarati comedy
D5TXJpbG7hk,સરપંચનો રોબોટ રિસાયો ભાગ-૨ // Gujarati Comedy Video // SARPANCH NO ROBBOT RISAYO // MDB,Mast Desi Boys,gujarati comedy
tTgA0SVMzQI,શહેર ની વહુ // Gujarati Comedy Video // SAHER NI VAHU // કોમેડી વિડિઓ // Desi Kings,Desi Kings,gujarati comedy
BF-zlNCs5Bw,"😂 ભાભીના ધમાકેદાર જોક્સ | 😜ગુજરાતી કોમેડી ડાયરો 2026 |#Gujarati #Jokes, #Comedy #Video #Ashok Thakor",ASHOK.THAKOR,gujarati comedy
bzraIFjSIEw,ડૉક્ટર ની ધમાલ  | PART 20 #gujarati  #comedy,Muktas Films,gujarati comedy
3inT33v5y1g,ગેંડા નો ઝગડો ભાગ 7 | Comedian vipul | gujarati comedy,Comedian Vipul,gujarati comedy
MW_nvrz4kAs,કાળી ઘરવાળી ની મા એ કયૉ ઝગડો | કાળી ઘરવાળી-૩૫ | Gujarati Comedy Video ,Maa Harshiddhi Group,gujarati comedy
zL6ZIe4EPBs,સાસરી ગેલો જમાઇ | Sasra ne gamata jamai | Gujarati Comedy Video ,HARSIDDHI TIGER GROUP -2,gujarati comedy
2FPdqgnDRD4,વાતોળીયા વેવાઈનો ત્રાસ | કોમેડી વિડિયો | Gujarati Comedy video ,HARSIDDHI TIGER GROUP -2,gujarati comedy
1qsXDCuPcMk,સાટા પેટામાં લગ્ન નું સમાધાન | હાટા પેટા માં લગ્ન-૨ | Gujarati Comedy video ,HARSIDDHI TIGER GROUP,gujarati comedy
eR1lj74tc2Y,ભણેલી વહુ લાઇ ચોમાસામાં છત્રી ભાગ-૧૧  // BHANELI VAHU // Gujarati Comedy Video // Funny Desi Boys,Funny Desi Boys,gujarati comedy
2gT7rtsSsTE,રાધા ગઈ કેરી ચોરવા ભાગ 5 | Comedian vipul | gujarati comedy,Comedian Vipul,gujarati comedy
k5DB3U4MJ-8,નણંદ-ભાભીની તરબૂચ પરની મજેદાર વાત 😂🍉 | Gujarati Comedy Short | નાનું કે મોટું?,Sumita Lifestyle ,gujarati comedy
p3sb5EuUHJ4,સરપંચ લાયા નખરારો રોબોટ // Gujarati Comedy Video // SARPANCH LAYA NAKHARARO ROBBOT // MDB,Mast Desi Boys,gujarati comedy
v7nxRhdTMXA,Dhirubhai Sarvaiya | મૂંગા થવા નો રોગ | Superhit Gujarati Comedy | Gujarati New Jokes 2026,Gujarati Comedy,gujarati comedy
1KoPevr6pIM,સસરા ને વહુ ગમતી નહીં // Gujarati Comedy Video // SASARA NE VAHU GAMATI NAHI // Mast Desi Boys,Mast Desi Boys,gujarati comedy
CefhAG3dda0,Raju seth Ne Sapanu Aavyu | Comedy Video |😂 Gujarati Comedy | 2026 😂Vijudina Comedy Video |Kisudi,Rajyo official comedy ,gujarati comedy
rhXPWMV5LSE,સાવનની પહેલી સવાર 🌿🙏 | Gujarati Village Vlog | #ytshorts #trending #sawan #gujarati #new,Pari's gujarat,gujarati vlog
O29bsIthQ7M,Pavagadh ma padyo varsad!! Mahakali mata na darshan!! Gujarati vlog video!! D A Vlog ,D A Vlog ,gujarati vlog
39YdQ1sc508,Frames lagavya pachi ghar mast dekhay che 😍|| Pc Art Family Vlog ,PC Art Family ,gujarati vlog
XovZr0N8gIU,ગુજરાતના સૌથી વધુ અમીર બ્લોગર | જે વિડીયો બનાવીને કમાય છે 5 થી 10 લાખ રૂપિયા #vlog #gujarati ,Lifestyle02,gujarati vlog
rdAeJKMK9g0,Mount Abu🥰 || Kp vlog || Gujarati Vlog ,Kp Thakor Vlogs ,gujarati vlog
P8lswQiNDHs,પોલીસ ને હિન્દી માં શું કહેવાય? 🤔ચતુર કરો વિચાર #gujarati #shorts | iq test questions | knowledge,Chintan Khokhar Vlog,gujarati vlog
GdbY_qJ4KJY,સરપ્રાઈઝ આપવા ગયા ને મોટો લોચો પડ્યો 😱🤦‍♂️ | અનેરી બોલી નવા નવા વાક્યો 👧| Anniversary vlog,Chintan Khokhar Vlog,gujarati vlog
21p-W3WiNGM,રક્ષાબંધન નું અને ત્રીશાના લાડવા નું સેલિબ્રેશન.. | sweta gediya vlog #viralvideo #suratvlogger ,Sweta Gediya Vlog,gujarati vlog
i9dKbKMmObY,लंदन में मिस्त्री  | Khajur Bhai | Jigli and Khajur ।London Vlog | Nitin Jani | Khajur Vlog,Khajur Bhai Vlogs,gujarati vlog
uESIIuVVnLU,સાસરે થી તેડવા આવ્યા ✨🔥Gujarati Mini vlog #minivlog #shorts #gujarati #gujrativloging,Jalpa Ahir Vlogs,gujarati vlog
vRpiMyWGWNw,ફિલ્મ જોવા ગયા ✨🔥Gujarati Mini vlog #minivlog #shorts #gujrativlog,Jalpa Ahir Vlogs,gujarati vlog
fSqBshtDXF0,મારો પહેલો વ્લોગ | My first vlog | the goli bhai vlogs,The Goli Bhai Vlogs,gujarati vlog
XKsbCYFan1g,Gujarati Village Life 🌾 #farming #gujrati #villagelife #shorts #vlog #ytshorts,Asha Village Life,gujarati vlog
s6c9jywQUCY,મમ્મી મારા પર ગુસ્સે થયા ✨🔥Gujarati Mini vlog #minivlog #shorts #gujarati #gujrativloging,Jalpa Ahir Vlogs,gujarati vlog
twhqmdYFBBE,neel chavda | bharat ahir | gujarati vlog,ALL GUJARATI VLOG 34,gujarati vlog
hEcJ6-dj9ns,મમ્મી પપ્પા આવ્યા ઘરે ✨🔥Gujarati Mini vlog #minivlog #shorts #gujrativlog #dailyvlog,Jalpa Ahir Vlogs,gujarati vlog
G7L1Hi5wRv8,ડ્રેગનફ્રૂટ ની પાર્ટી કરી ✨🔥Gujarati Mini vlog #minivlog #shorts #gujrativlog #dailyvlog,Jalpa Ahir Vlogs,gujarati vlog
InEEjTP6moU,કોમલ બેન અને લખી માં રોવા લાગ્યા😭|| Sk Gujarati Vlogs ||,SK Gujarati vlogs ,gujarati vlog
JLX0sxxvbGU,મને મોકલી દીધો ધાણા ને મરચા લેવા☘️ Gujarati Mini Vlog In City Life | My Lifestyle Video | Gujju,Chintan Khokhar Vlog,gujarati vlog
AMCrWebHX9s,બા તો જો આજે મારા મમ્મી નું આવી બન્યું 😂 #gujarati #gujju #baa #baanimoj #surat #rajkot #ahmedabad,Baa ni moj ,gujarati vlog
QeusjBig8WU,શિયાળામાં અડદની દાળ ✨🔥Gujarati Mini vlog #minivlog #shorts #gujrativlog,Jalpa Ahir Vlogs,gujarati vlog
FvJdQStvlfk,મારો બર્થડે ઉજવ્યો ✨🔥Gujarati Mini vlog #minivlog #shorts #gujrativlog #dailyvlog,Jalpa Ahir Vlogs,gujarati vlog
PvCQ5dSmssE,આજે તો  સેન્ડવીચ બનાવી. || Gujarati Vlog #minivlog,Janak Khokhar Vlog ,gujarati vlog
dlnpRAi1HyU,ભાઈબીજ જમવા બેનના ઘરે ✨🔥Gujarati Mini vlog #minivlog #shorts #gujrativlog #diwali #happynewyear,Jalpa Ahir Vlogs,gujarati vlog
ITjfx5sW_Ys,ફટ્ટુસ રમલી | Atpati Anand | Mini Vlog | Gujarati Daily Vlog,Atpati Anand,gujarati vlog
6rjUTNq-yIY,Shoot Time⚡||Tappu Parmar 🤣Funny Video||#shorts #tappuparmar #gujarati #funny #comedy #youtubeshorts,Tappu Honey Parmar,gujarati comedy sketch
slvf22UgDyA,જીતુ શાકભાજીવાળો | Jitu Mangu Jokes | Gujarati Comedy Video | Jitu Pandya |Greeva Kansara,Jokes Tamara Style Aamari,gujarati comedy sketch
k0rkC2wS2sc,બાયડીના રીસામણા । ટીહલા ભાભાની કોમેડી । Baydi Na Rishamana | New Comedy,alpesh dalwadi,gujarati comedy sketch
joVv_ZM9jco,🔥🐐 Bakriyo Ka Gujarati Garba Dance | Bhains Tabla Party | Funny AI Video 🎶😂 #funny #comedy #bakri,Uttu ai shorts,gujarati comedy sketch
KESFTJroNzw,કેરી વાળો ગગુડીયો | Gagudiyo Keri valo | New Gujarati Comedy | Gagudiya and Tihlo | Full Comedy,NAKLANK STUDIO,gujarati comedy sketch
Kspub5YQCwE,એકદમ થી સમય બદલી નાખ્યો😅 || DND || Gujarati Comedy Video,Dampati ni Diary,gujarati comedy sketch
ZfVf84yXt1U,Gujjubhai Range Hath Pakda Gaya | Gujjubhai Banya Dabang | Siddharth Randeria | Tejal Vyas,Gujarati Comedy,gujarati comedy sketch
lOS3lhLEyJU,#shortvideo | Tirsi Najar  | gujarati comedy video | Desi Paghadi,Desi Paghadi,gujarati comedy sketch
Xpy8XiVMRK4,ગામડા ના દેશી જોક્સ  | Gamda Ni Desi Comedy   | Praful Joshi | Gujarati Comedy Video,Gujju Comedy,gujarati comedy sketch
EDtLZVdLZTs,Siddharth Randeria Comedy Scenes | Gujjubhai Banya Dabang | Gujarati Scenes,Shemaroo Gujarati,gujarati comedy sketch
efnK5QDX1iM,ભાભા એ ભારે કરી | Dhirubhai Sarvaiya | New Gujarati Comedy 2025 | Ram Audio Jokes,Ram Audio Jokes,gujarati comedy sketch
eTRP5zN5Pfs,વહુ ચાલી ઘર છોડીને 😂😅🤣 Gujarati Comedy Video #comedy #gujaraticomedy  #funny #sasbahucomedy,FAMILY FUN,gujarati comedy sketch
ObN7szcBuoY,પતિ પત્ની ના મજેદાર જોક્સ 🤣 🤣Gujarati Comedy Video #comedy #viral #funny #ytshorts #trending,ગુજરાતી પતી પત્ની ના જોક્સ,gujarati comedy sketch
EJOVCpL0URo,Gujjubhai Siddharth Randeria Nu Best Comedy Scene | Gujarati Comedy Natak | Gujjubhai Banya Dabang,Gujarati Comedy,gujarati comedy sketch
lhWXKbvtcjA,Hasya Ni Dhingamasti : Comedy Scenes |Gujarati Natak - Gujjubhai Siddharth Randeria - Sanjay Goradia,Shemaroo Gujarati,gujarati comedy sketch
fFZDVcvT7HE,GJ RICKSHAWALA | THE COMEDY FACTORY,The Comedy Factory,gujarati comedy sketch
w1MGewMbhug,😂😂🤣 બાબલા ની કોમેડી 🤣😆🤣 #shorts,Comedian vipul Shorts 2,gujarati comedy sketch
yocFiHAfVf0,Subscribe Karo !! ❤️🤣 #tappuparmar #trending #shorts #gujarati #funny #funnyvideo #comedy,Tappu Parmar Sevasi,gujarati comedy sketch
-xWaNvT-fQs,GT Bowlers Turning Test into T20! Siraj &amp; Gurnoor Unreal Carnage! 🤯 #mohammedsiraj #gurnoorbrar,TheKing18Cricket,gujarat cricket reaction
F7T0i2TsFpA,Wasim Akram Shocked On Virat Kohli 75* Runs Vs Gujarat Taitns | Pak Reaction ,Cricket Joyful ,gujarat cricket reaction
Hzt5lGoeH9A,Destructive Duo 🥶 Sai Sudharsan and Shubman Gill 🔥 GT Vs DC 2025,VAIDIK CRICKET SPORTS ,gujarat cricket reaction
1S5kLaSBbRs,First Ever Video Vlog ! DELHI VS GUJARAT IPL | CRAZY REACTIONS,Jeakings Vlogs,gujarat cricket reaction
Is_u8qjTBQ8,15 seconds of pure 𝑀𝑖𝑦𝑎𝑛 𝑚𝑎𝑔𝑖𝑐 🔥Mohammed Siraj | #AavaDe | #TATAIPL2025,Gujarat Titans,gujarat cricket reaction
yS0Fxj4LPw4,Rashid Khan meets #TitansFAM in Kolkata!,Gujarat Titans,gujarat cricket reaction
TkwdN7NRTig,Trophy hai GT waalo ki #cricket #gujarattitans #shubmangill #winner #ipl,Samiha Yasmin,gujarat cricket reaction
7QuClPJfYsQ,GT Bowlers Turning Test into T20! Siraj &amp; Gurnoor Unreal Carnage! 🤯 #mohammedsiraj #gurnoorbrar,Successful Cricket ,gujarat cricket reaction
f9BG_Mbs9J8,LAFDA | Shubhman Gill FIGHTS Hardik Pandya | Betrayal Avenged?  GT vs MI | IPL 2025,The IPL Experience,gujarat cricket reaction
ZkoMNbU62FQ,🔊 Ishan on Siraj’s batting,Gujarat Titans,gujarat cricket reaction
QwDx69V0i1c,GUJARAT TITANS WON AGAINST KKR 🔥 | AB CRICINFO REACTION 😂 | #abcricinfo #cricket #ipl2025 #kkr,AB CRICINFO EDITS ,gujarat cricket reaction
vVfF3rZwGSg,Hardik Pandya Fined 12 Lakhs vs GT 💸🤯 #bharat #cricket #ipl2025 #hardikpandya #mumbaiindians,Raunak Day,gujarat cricket reaction
Hm_uCSYFoL4,GT Bowlers Turning Test into T20! Siraj &amp; Gurnoor Unreal Carnage!#mohammedsiraj #gurnoorbrar,up aditya.29,gujarat cricket reaction
c5ngTDA9-tc,Hyderabad  har 😭vs 😁Gujarat reaction,Aramse Kumar,gujarat cricket reaction
B_9maINTLLM,GUJRAT TITAN ATTITUDE STATUS #shorts #shortvideo #cricket #gujarat,𝐉𝐀𝐘 𝔻𝕎𝔸ℝ𝕂𝔸𝔻ℍ𝕀𝕊ℍ ,gujarat cricket reaction
viL2TsgPH1Q,Narendra Modi Stadium | Home of Gujarat Titans | Ahmedabad | IPL 2023 #motera #narendramodistadium,The Cazual Vlogger,gujarat cricket reaction
w-dcD5Ft_O0,Shubham Gill..🥰❤️👑 #shubmangill #gujarattitans #cricket #viralvideo #reels #reelsinstagram #shorts,SKM VLOGS,gujarat cricket reaction
hrYp50WKDwk,Vaibhav Suryavanshi&#39;s 101 vs #GT | Cricbuzz Live reacts,Cricbuzz,gujarat cricket reaction
KwIPmRE0zr8,Gujarat win ipl short video || gt wining status #shorts #iplfinal #cricket #gtwinipl,sudhu cricket,gujarat cricket reaction
4v4qjBJNS1Q,Ahmedabadi public in Narendra Modi stadium || Mastii time 😂|| #shorts #masti #ipl #csk #rcb #viral,Film point,gujarat cricket reaction
56zwrKJYox8,Gujarat Ne liya Mumbai se badla#ipl #cricket #shorts,RK CRICKETER ,gujarat cricket reaction
bd1Xx-kiwyc,Shubman Gill did this when he see Sara Tendulkar during live match #cricket #shorts,ALL IN ONE,gujarat cricket reaction
_mTJXHaY5kI,GUJRAT TITANS BOWLERS TURNING TEST INTO T20! 😂💣#mohhamadsiraj #gurnurbrar,cricketeditz18,gujarat cricket reaction
0KRwLvvx4YY,Gujarat Titans celebration with trophy after IPL Final win,Vichar On Point,gujarat cricket reaction
-G4PviLAh9I,Shahid afridi crying wonder boy vaibhav Suryavanshi 96 Run vs GUJ | RR vs Gujrat highlight ,Special Hindustan,gujarat cricket reaction
_xbKXmnfLLU,કોહલી ટીખળ કરે છે | Sports News Gujarati | Bharat Sports,Bharat Sports Gujarati,gujarati sports news
ST6GPTquKwA,હાર્દિક પંડ્યા vs ગુજરાત ટાઇટન્સ! કેપ્ટનશિપ બની ડીલ તૂટવાનું કારણ,Cricket time24 Gujarati ,gujarati sports news
xrHHYZYSvzg,"&quot;ટાર્ગેટ કરવો હોય તો મને કરો, ખેલાડીઓને નહીં&quot;, DyCM હર્ષભાઈ સંઘવીનો સણસણતો જવાબ",Gujarat First,gujarati sports news
PvRvnR7Cnt4,"હવે ખાતામાં આવશે રાશનના રૂપિયા, પરંતુ 30 દિવસમાં અનાજ નહીં ખરીદો તો શું થશે? BS9 TV NEWS",BS9 TV NEWS,gujarati sports news
E_HSNmGVYhI,આજના તાજા સમાચાર (Daily News)🧑‍🌾 #modi #GujaratiSamachar #india #shortsfeed #short #gujarat #news,ખેડૂત માહિતી ,gujarati sports news
3AESr3FAJjk,"હાઇવે પર અકસ્માત સમયે એમ્બ્યુલન્સ મોડી પડી તો ખેર નહીં, NHAIએ મિનિટ મુજબ દંડ નક્કી કર્યો",BS9 TV NEWS,gujarati sports news
sB6WFomJl1I,MS ધોનીનો એકમાત્ર નિયમ! 😱 અજિંક્ય રહાણેએ કર્યો મોટો ખુલાસો | MS Dhoni,Cricket time24 Gujarati ,gujarati sports news
ukIwhB2Fnoc,ક્રિકેટરે આ ભારતીય કોચ પર લગાવ્યો ગંભીર આરોપ! FIR નોંધાઈ 😱🚨 | Cricket News #india #news #shorts,PS Update News,gujarati sports news
FjhGbQ892DE,તિલક વર્મા WCમાં હોવા જોઈએ&#39; | Sports News Gujarati | Bharat Sports,Bharat Sports Gujarati,gujarati sports news
mncdp50Z9O0,બેન સ્ટોક્સે રેકોર્ડ બનાવ્યો હતો | Sports News Gujarati | Bharat Sports,Bharat Sports Gujarati,gujarati sports news
RMf5mgqJ6Xk,એક જ મેચમાં ચાર સદી | Sports News Gujarati | Bharat Sports,Bharat Sports Gujarati,gujarati sports news
tOxfHfJBHRQ,વર્લ્ડ કપ.. સૌથી ખરાબ રેકોર્ડ | Sports News Gujarati | Bharat Sports,Bharat Sports Gujarati,gujarati sports news
QV7MojrMovs,જયસ્વાલ એક ઉન્મત્ત પ્રતિભા છે&#39; | Sports News Gujarati | Bharat Sports,Bharat Sports Gujarati,gujarati sports news
abJkYV9sGsw,સુભમન ગીલે સદી ફટકારી હતી | Sports News Gujarati | Bharat Sports,Bharat Sports Gujarati,gujarati sports news
W4QO6v4mO4A,ફરી એન્ટ્રી.. રાયડુ ક્રિકેટર અંબાતી રાયડુ | Sports News Gujarati | Bharat Sports,Bharat Sports Gujarati,gujarati sports news
dTEtGx6Jd2g,તિલકવર્મા એક શાનદાર ખેલાડી છે | Sports News Gujarati | Bharat Sports,Bharat Sports Gujarati,gujarati sports news
vk1aN7wbk3g,મિચેલ સ્ટાર્કનો ઐતિહાસિક રેકોર્ડ! | 434 વિકેટ સાથે હેરાથને પાછળ છોડ્યો | Cricket News,Cricket time24 Gujarati ,gujarati sports news
0b4s93ydrsc,એક વર્ષમાં 72 થી નંબર 1 રેન્ક | Sports News Gujarati | Bharat Sports,Bharat Sports Gujarati,gujarati sports news
JUooSF7ThRs,કિંગ કોહલીનો નવો રેકોર્ડ | Sports News Gujarati | Bharat Sports,Bharat Sports Gujarati,gujarati sports news
Cr-Kc68Jrt0,ટીમ ઈન્ડિયા માટે ખરાબ સમાચાર? | Sports News Gujarati | Bharat Sports,Bharat Sports Gujarati,gujarati sports news
I-HhNE38j7c,વર્લ્ડ કપ.. ભારત માટે મોટો આંચકો! | Sports News Gujarati | Bharat Sports,Bharat Sports Gujarati,gujarati sports news
rScaZHVoIlU,SRH હેડ કોચ ડેનિયલ વેટોરી | Sports News Gujarati | Bharat Sports,Bharat Sports Gujarati,gujarati sports news
aqlnrOzsGIw,સ્ટોક્સનો વનડેમાં પુનઃ પ્રવેશ | Sports News Gujarati | Bharat Sports,Bharat Sports Gujarati,gujarati sports news
RMGd7RRuNyQ,માત્ર એક જ.. ઇતિહાસ રચ્યો | Sports News Gujarati | Bharat Sports,Bharat Sports Gujarati,gujarati sports news
eNmX1euq4YY,"2 મિનિટ માં 10 ખબર । Superfast Gujarati Sports News | May 18, 2019",News18 Gujarati,gujarati sports news
PwcKsNvEfto,Gujarat Rain | ગુજરાતમાં 24 કલાકમાં 119 તાલુકામાં વરસાદ,ABP Asmita,gujarat local news
L6FPlQqONyg,Mahisagar | સંતરામપુર શહેર અને ગ્રામ્ય વિસ્તારોમાં વરસાદ,ABP Asmita,gujarat local news
t1imAyzeW6I,Ahmedabad Rain | અમદાવાદમાં સતત બીજા દિવસે પણ વરસાદી માહોલ,ABP Asmita,gujarat local news
4u_R-Bl_7mM,Gujarat Rain Forecast | રાજ્યમાં 10 વાગ્યા સુધી હળવાથી મધ્યમ વરસાદની આગાહી,ABP Asmita,gujarat local news
Azu9aPHf5YU,Surat |  સુરતમાં કીમ પોલીસ સ્ટેશનના PI સસ્પેન્ડ,ABP Asmita,gujarat local news
UhWON6Z-JC4,Gujarat Rain | સવારે 10 વાગ્યા સુધી રાજ્યમાં મધ્યમ વરસાદની આગાહી,ABP Asmita,gujarat local news
gK7VB_42qgg,ગુજરાતમાં આજથી વરસાદનો નવો રાઉન્ડ થશે શરૂ | Gujarat | TV9Gujarati,TV9 Gujarati,gujarat local news
Jc0F7d_ajec,Gujarat | હવે રાજ્યમાં ફરજિયાત સ્માર્ટ મીટર લાગશે,ABP Asmita,gujarat local news
d0ID7-6FM6o,Gujarat Top Breaking News | આજના ગુજરાતના સૌથી મોટા સમાચાર | ABP Asmita LIVE,ABP Asmita,gujarat local news
nuwUkuC-Hfs,"Rajkot | રાજકોટ-જેતપુર નેશનલ હાઈવે બિસ્માર, ખાડારાજથી લોકો પરેશાન",ABP Asmita,gujarat local news
mWA54v_otTc,The Ronak Patel Show | ગુજરાત કોંગ્રેસ વિશે શું કહ્યું વિક્રમ માડમે | ABP Asmita Podcast,ABP Asmita,gujarat local news
AwiVXkTIYwM,Sagbara Forest Land Dispute Escalates : સાગબારા જંગલ જમીન વિવાદ વકર્યો | Gujarat First,Gujarat First,gujarat local news
xtzh7Dq6GKA,Sabarkantha Rain | સાબરકાંઠા જિલ્લામાં સાર્વત્રિક વરસાદ | ABP Asmita,ABP Asmita,gujarat local news
_tovnnnNvd4,"શ્રાવણ માસમાં ભેળસેળીયા વેપારીઓ ચેતી જજો, ફૂડ વિભાગ ખાસ ટીમ બનાવી કરશે તપાસ",ABP Asmita,gujarat local news
ac7f0UQu0Fo,ABP Asmita News Headlines | સાંજના 4 વાગ્યા સુધીની TOP Headlines | 4 PM 13th August 2026,ABP Asmita,gujarat local news
u3CVYZsZKfM,Gujarat Rain Forecast | ગુજરાતમાં આજે ક્યાં ક્યાં તૂટી પડશે વરસાદ? | ABP Asmita,ABP Asmita,gujarat local news
7iB00r0bu8I,The Ronak Patel Show | અહેમદ પટેલ વિશે શું બોલ્યા વિક્રમ માડમ | ABP Asmita Podcast,ABP Asmita,gujarat local news
Frkmmbqsp3c,Gujarat Rain Breaking News | આજના ગુજરાતના વરસાદના સૌથી મોટા સમાચાર | ABP Asmita LIVE,ABP Asmita,gujarat local news
Bw2KBwXEX2I,Gujarat Rain Forecast | 4 વરસાદી સિસ્ટમ સક્રીય | 11 ઓગસ્ટે ભારે વરસાદની આગાહી,ABP Asmita,gujarat local news
0MSNEWEb-kQ,"અમદાવાદ-પાલનપુર વિભાગમાં બ્લોક, કાલે મેમુ-ડેમુ સહિત 10 ટ્રેન રદ",ABP Asmita,gujarat local news
mMcjhuDkTeI,Surat Crime News | સોસાયટીમાં ચાલતા કુટણખાના પર ત્રાટકી પોલીસ! | Gujarati News | N18S,News18 Gujarati,gujarat local news
OX8RwDOWqyk,"કલોલ-માણસા હાઈવે પર ONGCના પ્લાન્ટમાં લાગેલી આગ કાબૂમાં, બોઈલર ફાટવાથી લાગી હતી આગ",ABP Asmita,gujarat local news
ivqijt-wXm4,Ahmedabad Rain | અમદાવાદ પૂર્વમાં વહેલી સવારથી વરસાદ | ABP Asmita,ABP Asmita,gujarat local news
B7c-aN5q2O0,"Gujarat Rain Data | છેલ્લા 24 કલાકમાં 134 તાલુકામાં વરસાદ, ક્યાં કેટલો પડ્યો વરસાદ?",ABP Asmita,gujarat local news
I6xEE8TTX08,TV9Gujarati LIVE | Gujarat Rain RED ALERT | Ahmedabad Rain | Har Ghar Tiranga | 80 Independence Day,TV9 Gujarati,gujarat local news
